<keymap version="1" name="macOS copy" parent="Mac OS X 10.5+">
  <action id="ActivateLayoutValidationToolWindow">
    <keyboard-shortcut first-keystroke="ctrl meta alt l" />
  </action>
  <action id="ActivateLogcatToolWindow">
    <keyboard-shortcut first-keystroke="meta alt 1" />
  </action>
  <action id="Android.SyncProject">
    <keyboard-shortcut first-keystroke="ctrl meta alt s" />
  </action>
  <action id="CloseAllEditors">
    <keyboard-shortcut first-keystroke="shift meta w" />
  </action>
  <action id="CloseAllNotifications">
    <keyboard-shortcut first-keystroke="shift ctrl meta alt back_space" />
  </action>
  <action id="Debugger.AddToWatch">
    <keyboard-shortcut first-keystroke="ctrl meta alt w" />
  </action>
  <action id="Diff.ApplyLeftSide">
    <keyboard-shortcut first-keystroke="ctrl meta right" />
    <keyboard-shortcut first-keystroke="shift ctrl f7" />
  </action>
  <action id="Diff.ApplyRightSide">
    <keyboard-shortcut first-keystroke="ctrl meta left" />
    <keyboard-shortcut first-keystroke="shift ctrl alt f7" />
  </action>
  <action id="EditorNextWordInDifferentHumpsMode">
    <keyboard-shortcut first-keystroke="ctrl meta alt right" />
  </action>
  <action id="EditorNextWordInDifferentHumpsModeWithSelection">
    <keyboard-shortcut first-keystroke="shift ctrl meta alt right" />
  </action>
  <action id="EditorPageDown">
    <keyboard-shortcut first-keystroke="page_down" />
    <keyboard-shortcut first-keystroke="ctrl meta alt down" />
  </action>
  <action id="EditorPageUp">
    <keyboard-shortcut first-keystroke="page_up" />
    <keyboard-shortcut first-keystroke="ctrl meta alt up" />
  </action>
  <action id="EditorPreviousWordInDifferentHumpsMode">
    <keyboard-shortcut first-keystroke="ctrl meta alt left" />
  </action>
  <action id="EditorPreviousWordInDifferentHumpsModeWithSelection">
    <keyboard-shortcut first-keystroke="shift ctrl meta alt left" />
  </action>
  <action id="EditorSortLines">
    <keyboard-shortcut first-keystroke="shift ctrl meta alt o" />
  </action>
  <action id="Git.Branches">
    <keyboard-shortcut first-keystroke="ctrl meta alt b" />
  </action>
  <action id="Git.CompareWithBranch">
    <keyboard-shortcut first-keystroke="ctrl meta alt c" />
  </action>
  <action id="GotoNextError">
    <keyboard-shortcut first-keystroke="f2" />
    <keyboard-shortcut first-keystroke="meta alt back_space" />
  </action>
  <action id="GotoPreviousError">
    <keyboard-shortcut first-keystroke="shift f2" />
    <keyboard-shortcut first-keystroke="ctrl meta alt back_space" />
  </action>
  <action id="InsertLiveTemplate">
    <keyboard-shortcut first-keystroke="meta j" />
    <keyboard-shortcut first-keystroke="shift ctrl enter" />
  </action>
  <action id="LocalHistory.ShowHistory">
    <keyboard-shortcut first-keystroke="ctrl meta alt h" />
  </action>
  <action id="ManageRecentProjects">
    <keyboard-shortcut first-keystroke="ctrl meta alt o" />
  </action>
  <action id="RevealIn">
    <keyboard-shortcut first-keystroke="shift ctrl alt o" />
  </action>
  <action id="SelectNextOccurrence">
    <keyboard-shortcut first-keystroke="ctrl g" />
    <keyboard-shortcut first-keystroke="shift ctrl alt right" />
  </action>
  <action id="ToggleFullScreen">
    <keyboard-shortcut first-keystroke="ctrl meta f" />
    <keyboard-shortcut first-keystroke="ctrl meta alt f" />
  </action>
  <action id="TogglePresentationMode">
    <keyboard-shortcut first-keystroke="ctrl meta alt p" />
  </action>
  <action id="ToggleZenMode">
    <keyboard-shortcut first-keystroke="ctrl meta alt z" />
  </action>
  <action id="XDebugger.AttachToProcess">
    <keyboard-shortcut first-keystroke="shift alt f5" />
    <keyboard-shortcut first-keystroke="ctrl meta alt d" />
  </action>
  <action id="android.deploy.ApplyChanges">
    <keyboard-shortcut first-keystroke="ctrl meta e" />
  </action>
  <action id="android.deploy.CodeSwap">
    <keyboard-shortcut first-keystroke="shift ctrl meta e" />
  </action>
  <action id="com.developerphil.adbidea.action.ClearDataAndRestartAction">
    <keyboard-shortcut first-keystroke="shift ctrl alt back_space" />
  </action>
  <action id="com.developerphil.adbidea.action.RevokePermissionsAndRestartAction">
    <keyboard-shortcut first-keystroke="shift ctrl alt enter" />
  </action>
  <action id="com.developerphil.adbidea.action.UninstallAction">
    <keyboard-shortcut first-keystroke="shift ctrl back_space" />
  </action>
</keymap>